,abalone,bike,boston,concrete,cpu,csm,fb,parkinsons,servo,solar,synthetic1,synthetic2,oob_all,k_group
0,[6.609144142734171],[1599187.2220566005],[37.35011020825576],[148.0353300488216],[15071.271529811294],[0.8493982602863795],[143392.95274875363],[97.01551065696994],[1.5474378889124014],[0.6188580115017781],[34.28006779534591],[42.00691860782202],sklearn,oob
1,[6.602425077006827],[1497124.0595434576],[35.56364928301663],[145.76043463890153],[20007.798465004205],[0.8716306615036098],[145665.55432140204],[95.77443372768057],[1.697629546862378],[0.8088007153196264],[34.16823400655678],[42.6874205445455],k=0,oob
2,[6.6107766858591],[1538491.9966383216],[34.967755592930374],[146.7920945635113],[19790.345216669288],[0.875868470660157],[144522.38361677094],[95.34149916397499],[1.7568696045990546],[0.7993071472378385],[33.99483824394928],[42.096399774908434],k=1,oob
3,[6.501379804100568],[1430278.581236302],[31.974863457802986],[139.673328099326],[19224.083509617747],[0.7464481977694863],[142092.94003363716],[94.99429036467158],[1.6400878640999943],[0.804604097967635],[31.315813987649513],[38.157378011034645],sklearn,all
4,[6.518012296588147],[1459911.9299011393],[30.956344532234702],[141.40717923795174],[18757.852330704307],[0.7499007006055802],[141706.25063767927],[94.61388072174506],[1.7239475153465789],[0.7954557485622126],[31.14620792816646],[37.56503858797235],k=0,all
5,[6.510382331148063],[1519350.0966304033],[33.36622589115084],[142.987131230294],[12366.766743040862],[0.7272229836129454],[138353.32339760233],[96.11755240028887],[1.464826373353035],[0.6110819459383311],[31.224333550892705],[37.61559501695685],k=1,all
