,abalone,bike,boston,concrete,cpu,csm,fb,parkinsons,servo,solar,synthetic1,synthetic2,k_group,oob_all
0,[4.89468369138837],[564222.7446542729],[13.48705211655512],[37.34944010456474],[4413.840072239208],[0.7199549159063745],[164596.12880829233],[47.222950868584476],[0.8236588529116204],[0.6680148110932622],[19.539823355177244],[23.421012642747904],sklearn,oob
1,[4.873645265584574],[578056.2025591291],[14.055889305914512],[40.41640348826001],[18083.105744154305],[0.7759735941029617],[168490.87044187277],[47.487975087898526],[1.8167444368860834],[0.8132742096996478],[19.42894123213594],[21.84876171698417],k=0,oob
2,[4.878560033653497],[613523.9230511165],[13.12857512455478],[38.83086810655071],[21745.901247102418],[0.8040071597807469],[157067.8335839447],[49.4839076748615],[1.7318676872343761],[0.8202078792203914],[18.777182349560135],[21.498246585759617],k=1,oob
3,[4.9060595133917575],[566277.0352261346],[16.972141058507365],[46.63267744643595],[19315.7117408806],[0.7500765237869297],[149001.51352782393],[49.57784693085026],[1.7157920222849525],[0.8818060287642967],[19.362725865036868],[23.001197038244253],k=TreeDepth,oob
4,[3.477567768903189],[225317.02709821457],[3.831165999568835],[18.041261570806043],[1686.6873414819393],[0.18851502837137754],[44741.31812237919],[37.501869109604094],[0.1934695222135743],[0.4452313638553001],[5.297128693996068],[6.805732085275319],sklearn,all
5,[3.4537369607638824],[245192.47234571166],[4.657813745023503],[21.35966027573239],[16562.642837508276],[0.20354096116245854],[101106.41025420943],[38.36921394604475],[1.785745268314365],[0.7954404635579215],[5.355458780187875],[6.7337732201401845],k=0,all
6,[3.558789781737313],[303683.1066879058],[5.005351748411151],[21.367513286969313],[19590.504742994566],[0.25956967746235937],[116202.91947032696],[39.92423058056495],[1.6508525986913725],[0.8007382959756532],[6.336850920754942],[7.5000374088406465],k=1,all
7,[3.918364984478652],[356364.0746910967],[9.624339327046462],[30.183457634590138],[19054.138612276303],[0.3720521980001252],[133585.74807927638],[41.553423967682846],[1.6196382021135896],[0.8612526770657006],[9.762694015749336],[11.68407638220677],k=TreeDepth,all
