,abalone,bike,boston,concrete,cpu,csm,fb,parkinsons,servo,solar,synthetic1,synthetic2,oob_all,k_group
0,[6.609144142734171],[1599187.2220566005],[37.35011020825576],[148.0353300488216],[15071.271529811294],[0.8493982602863795],[143392.95274875363],[97.01551065696994],[1.5474378889124014],[0.6188580115017781],[34.28006779534591],[42.00691860782202],sklearn,oob
1,[6.602425077006827],[1534672.867180366],[35.64359288221776],[176.45850503039136],[19638.48871886747],[0.8705269120645951],[149448.4731327725],[96.81787461156479],[2.667495884492385],[0.8944461570742962],[33.622547775907734],[41.634569713194246],k=0,oob
2,[6.6107766858591],[1552905.7701758093],[35.52893519444661],[179.08374848739916],[19779.883032869526],[0.8596220593121859],[149136.0207903096],[95.17601273032798],[2.676777478214496],[0.868485416479423],[34.552752404538566],[41.72270363703679],k=1,oob
3,[6.510382331148063],[1519350.0966304033],[33.36622589115084],[142.987131230294],[12366.766743040862],[0.7272229836129454],[138353.32339760233],[96.11755240028887],[1.464826373353035],[0.6110819459383311],[31.224333550892705],[37.61559501695685],sklearn,all
4,[6.501379804100568],[1472964.1104936723],[31.893363326397328],[170.78664957571758],[18739.82035699365],[0.738763832718879],[147505.8607910887],[96.16306287498831],[2.6429186298313576],[0.8882946527432852],[30.537476532563964],[37.470926124405224],k=0,all
5,[6.518012296588147],[1481777.8509402925],[31.423532060798752],[172.45706423991936],[18871.137319041543],[0.7385917249958708],[147267.0254115627],[94.27159791517452],[2.629272132255949],[0.8609146129979054],[31.42871284092278],[37.48288391529223],k=1,all
