,abalone,bike,boston,concrete,cpu,csm,fb,parkinsons,servo,solar,synthetic1,synthetic2,k_group,oob_all
0,[6.609144142734171],[1599187.2220566005],[37.35011020825576],[148.0353300488216],[15071.271529811294],[0.8493982602863795],[143392.95274875363],[97.01551065696994],[1.5474378889124014],[0.6188580115017781],[34.28006779534591],[42.00691860782202],sklearn,oob
1,[6.691057228753898],[2627069.8198290267],[35.68053721752158],[185.9220405552877],[21084.188814536963],[0.8815716954290012],[145132.16492720094],[96.11871286473514],[2.4539945956350357],[0.6993396606560187],[34.45066316953045],[42.1708618912595],k=0,oob
2,[6.651443894719156],[2621781.1775116315],[36.49092251900501],[186.31909508592454],[20713.473920700555],[0.8797808145246235],[144945.4965425556],[97.46822993093296],[2.4539945956350357],[0.6993396606560187],[34.17926213535861],[42.07258433023945],k=1,oob
3,[6.510382331148063],[1519350.0966304033],[33.36622589115084],[142.987131230294],[12366.766743040862],[0.7272229836129454],[138353.32339760233],[96.11755240028887],[1.464826373353035],[0.6110819459383311],[31.224333550892705],[37.61559501695685],sklearn,all
4,[6.5937816072963455],[2562115.0184219806],[31.797554369975682],[179.6717259656845],[19687.342681334605],[0.7485587479602493],[143339.21036526325],[95.226190876865],[2.417935323488523],[0.6978799343031584],[31.17143530101586],[37.39920209337038],k=0,all
5,[6.545292316154899],[2562748.66997865],[32.92718687194525],[180.24633934737682],[19697.0316638755],[0.7509463655461558],[142760.73825428943],[96.60807344839442],[2.417935323488523],[0.6978799343031584],[30.89242549417998],[37.667137341332925],k=1,all
